[
{
    "model": "backend.category",
    "pk": 1,
    "fields": {
        "updated_at": "2020-10-10T01:10:09.039Z",
        "created_at": "2020-09-22T22:37:11.209Z",
        "deleted_at": null,
        "name": "Restaurant"
    }
},
{
    "model": "backend.category",
    "pk": 2,
    "fields": {
        "updated_at": "2020-10-10T01:42:42.710Z",
        "created_at": "2020-10-10T00:52:24.750Z",
        "deleted_at": null,
        "name": "Salon de beauté"
    }
},
{
    "model": "backend.tag",
    "pk": 1,
    "fields": {
        "updated_at": "2020-09-22T23:56:25.664Z",
        "created_at": "2020-09-22T23:56:25.662Z",
        "deleted_at": null,
        "name": "tag1"
    }
},
{
    "model": "backend.tag",
    "pk": 2,
    "fields": {
        "updated_at": "2020-09-22T23:56:30.277Z",
        "created_at": "2020-09-22T23:56:30.273Z",
        "deleted_at": null,
        "name": "tag2"
    }
},
{
    "model": "backend.tag",
    "pk": 3,
    "fields": {
        "updated_at": "2020-10-18T21:00:39.779Z",
        "created_at": "2020-10-18T21:00:39.774Z",
        "deleted_at": null,
        "name": "coiffure"
    }
},
{
    "model": "backend.tag",
    "pk": 4,
    "fields": {
        "updated_at": "2020-10-18T21:16:39.392Z",
        "created_at": "2020-10-18T21:16:39.389Z",
        "deleted_at": null,
        "name": "restaurant"
    }
},
{
    "model": "backend.tag",
    "pk": 5,
    "fields": {
        "updated_at": "2020-10-18T21:17:09.138Z",
        "created_at": "2020-10-18T21:17:09.135Z",
        "deleted_at": null,
        "name": "caraïbes"
    }
},
{
    "model": "backend.tag",
    "pk": 6,
    "fields": {
        "updated_at": "2020-10-18T21:18:34.853Z",
        "created_at": "2020-10-18T21:18:34.848Z",
        "deleted_at": null,
        "name": "antille"
    }
},
{
    "model": "backend.tag",
    "pk": 7,
    "fields": {
        "updated_at": "2020-10-20T01:47:06.513Z",
        "created_at": "2020-10-20T01:47:06.510Z",
        "deleted_at": null,
        "name": "haitien"
    }
},
{
    "model": "backend.tag",
    "pk": 8,
    "fields": {
        "updated_at": "2020-10-26T22:30:02.652Z",
        "created_at": "2020-10-26T22:30:02.647Z",
        "deleted_at": null,
        "name": "senegalais"
    }
},
{
    "model": "backend.paymenttype",
    "pk": 1,
    "fields": {
        "updated_at": "2020-09-22T23:56:36.824Z",
        "created_at": "2020-09-22T23:56:36.821Z",
        "deleted_at": null,
        "name": "debit"
    }
},
{
    "model": "backend.paymenttype",
    "pk": 2,
    "fields": {
        "updated_at": "2020-09-22T23:56:42.448Z",
        "created_at": "2020-09-22T23:56:42.445Z",
        "deleted_at": null,
        "name": "crypto"
    }
},
{
    "model": "backend.paymenttype",
    "pk": 3,
    "fields": {
        "updated_at": "2020-10-03T18:24:08.084Z",
        "created_at": "2020-10-03T18:24:08.081Z",
        "deleted_at": null,
        "name": "credit"
    }
},
{
    "model": "backend.business",
    "pk": 1,
    "fields": {
        "updated_at": "2020-10-04T16:13:14.804Z",
        "created_at": "2020-09-22T22:37:24.969Z",
        "deleted_at": null,
        "category": 1,
        "name": "Business1",
        "slogan": "A slogan",
        "description": "",
        "website": "http://asdas.com",
        "email": "lol@lol.com",
        "notes": "LOrem ipsum,LOrem ipsum,LOrem ipsum,",
        "status": "pending",
        "accepted_at": "2020-09-27",
        "last_updated_by": null,
        "tags": [
            1,
            2
        ],
        "payment_types": [
            1,
            2
        ]
    }
},
{
    "model": "backend.business",
    "pk": 2,
    "fields": {
        "updated_at": "2020-10-18T21:17:37.849Z",
        "created_at": "2020-10-03T18:24:42.832Z",
        "deleted_at": null,
        "category": 1,
        "name": "La maison du cari des caraibes | Carribean curry house",
        "slogan": "",
        "description": "",
        "website": "https://maisonducari.com/",
        "email": "",
        "notes": "Not sure if blacked owned",
        "status": "accepted",
        "accepted_at": "2020-10-18",
        "last_updated_by": null,
        "tags": [
            4,
            5
        ],
        "payment_types": [
            1,
            3
        ]
    }
},
{
    "model": "backend.business",
    "pk": 3,
    "fields": {
        "updated_at": "2020-10-18T21:18:38.052Z",
        "created_at": "2020-10-03T18:36:55.141Z",
        "deleted_at": null,
        "category": 1,
        "name": "Fourchette Antillaise",
        "slogan": "",
        "description": "",
        "website": "https://www.fourchetteantillaise.com/",
        "email": "",
        "notes": "",
        "status": "accepted",
        "accepted_at": "2020-10-18",
        "last_updated_by": null,
        "tags": [
            4,
            5,
            6
        ],
        "payment_types": [
            1,
            3
        ]
    }
},
{
    "model": "backend.business",
    "pk": 4,
    "fields": {
        "updated_at": "2020-10-03T19:01:00.151Z",
        "created_at": "2020-10-03T18:52:22.886Z",
        "deleted_at": null,
        "category": 1,
        "name": "Adonaï",
        "slogan": "",
        "description": "",
        "website": "http://restaurantadonai.com/",
        "email": "",
        "notes": "",
        "status": "accepted",
        "accepted_at": "2020-10-03",
        "last_updated_by": null,
        "tags": [],
        "payment_types": [
            1,
            3
        ]
    }
},
{
    "model": "backend.business",
    "pk": 5,
    "fields": {
        "updated_at": "2020-10-14T01:19:04.003Z",
        "created_at": "2020-10-03T23:46:14.036Z",
        "deleted_at": null,
        "category": 1,
        "name": "Akwaba",
        "slogan": "",
        "description": "",
        "website": "http://www.restaurantakwaba.ca/",
        "email": "",
        "notes": "",
        "status": "accepted",
        "accepted_at": "2020-10-13",
        "last_updated_by": null,
        "tags": [],
        "payment_types": []
    }
},
{
    "model": "backend.business",
    "pk": 6,
    "fields": {
        "updated_at": "2020-10-04T02:19:12.531Z",
        "created_at": "2020-10-04T01:53:24.234Z",
        "deleted_at": null,
        "category": 1,
        "name": "Chez Khady",
        "slogan": "",
        "description": "",
        "website": "",
        "email": "info@restaurantchezkhady.com",
        "notes": "",
        "status": "accepted",
        "accepted_at": "2020-10-03",
        "last_updated_by": null,
        "tags": [],
        "payment_types": [
            1,
            3
        ]
    }
},
{
    "model": "backend.business",
    "pk": 7,
    "fields": {
        "updated_at": "2020-10-07T12:29:33.504Z",
        "created_at": "2020-10-07T12:26:53.979Z",
        "deleted_at": null,
        "category": 1,
        "name": "PhatGrill Express",
        "slogan": "",
        "description": "",
        "website": "https://www.phatgrill.ca/",
        "email": "",
        "notes": "",
        "status": "accepted",
        "accepted_at": "2020-10-07",
        "last_updated_by": null,
        "tags": [],
        "payment_types": []
    }
},
{
    "model": "backend.business",
    "pk": 8,
    "fields": {
        "updated_at": "2020-10-08T22:15:38.046Z",
        "created_at": "2020-10-08T22:15:37.644Z",
        "deleted_at": null,
        "category": 1,
        "name": "Andréamise",
        "slogan": "",
        "description": "",
        "website": "",
        "email": "info@andreamise.com",
        "notes": "",
        "status": "accepted",
        "accepted_at": "2020-10-08",
        "last_updated_by": null,
        "tags": [],
        "payment_types": []
    }
},
{
    "model": "backend.business",
    "pk": 9,
    "fields": {
        "updated_at": "2020-10-10T01:08:32.263Z",
        "created_at": "2020-10-08T22:36:33.922Z",
        "deleted_at": null,
        "category": 1,
        "name": "Flap Flap",
        "slogan": "Cuisine authentique d'Haiti",
        "description": "Haïtienne, Créole, Caribéenne",
        "website": "https://www.restaurantflapflap.ca/",
        "email": "",
        "notes": "",
        "status": "accepted",
        "accepted_at": "2020-10-09",
        "last_updated_by": null,
        "tags": [],
        "payment_types": [
            1,
            3
        ]
    }
},
{
    "model": "backend.business",
    "pk": 42,
    "fields": {
        "updated_at": "2020-10-10T00:51:44.018Z",
        "created_at": "2020-10-10T00:35:18.752Z",
        "deleted_at": null,
        "category": 1,
        "name": "Aux Récifs Du Cap",
        "slogan": "",
        "description": "",
        "website": "",
        "email": "",
        "notes": "",
        "status": "accepted",
        "accepted_at": "2020-10-09",
        "last_updated_by": null,
        "tags": [],
        "payment_types": [
            1,
            3
        ]
    }
},
{
    "model": "backend.business",
    "pk": 43,
    "fields": {
        "updated_at": "2020-10-18T21:03:48.284Z",
        "created_at": "2020-10-10T01:26:51.068Z",
        "deleted_at": null,
        "category": 2,
        "name": "L'ABC des Locs Inc.",
        "slogan": "",
        "description": "Salon spécialisé en tout types de Locs: twists, interlocs, microlocs et Sisterlocks Consultations, Retouches, Débuts de Locs et plus",
        "website": "",
        "email": "info@labcdeslocs.com",
        "notes": "",
        "status": "accepted",
        "accepted_at": "2020-10-18",
        "last_updated_by": null,
        "tags": [
            3
        ],
        "payment_types": [
            1,
            3
        ]
    }
},
{
    "model": "backend.business",
    "pk": 44,
    "fields": {
        "updated_at": "2020-10-20T01:55:47.003Z",
        "created_at": "2020-10-10T02:02:44.263Z",
        "deleted_at": null,
        "category": 2,
        "name": "GLAM Ô Naturel (unisexe)",
        "slogan": "",
        "description": "",
        "website": "http://www.glamonaturel.com/",
        "email": "info@glamonaturel.com",
        "notes": "",
        "status": "accepted",
        "accepted_at": "2020-10-19",
        "last_updated_by": null,
        "tags": [
            3
        ],
        "payment_types": [
            3
        ]
    }
},
{
    "model": "backend.business",
    "pk": 45,
    "fields": {
        "updated_at": "2020-10-18T21:30:06.817Z",
        "created_at": "2020-10-18T21:30:06.763Z",
        "deleted_at": null,
        "category": 1,
        "name": "Caraïbana",
        "slogan": "",
        "description": "",
        "website": "",
        "email": "",
        "notes": "",
        "status": "accepted",
        "accepted_at": "2020-10-18",
        "last_updated_by": null,
        "tags": [
            4,
            5,
            6
        ],
        "payment_types": []
    }
},
{
    "model": "backend.business",
    "pk": 46,
    "fields": {
        "updated_at": "2020-10-20T01:56:02.353Z",
        "created_at": "2020-10-20T01:53:14.376Z",
        "deleted_at": null,
        "category": 1,
        "name": "Kay Toto",
        "slogan": "",
        "description": "L’amalgame équilibré du savoir-faire de nos ancêtres ont raffiné cette gastronomie créole sans pareille et en ont fait quelque chose de très unique qui charme tous les pèlerins de notre chère Hispaniola.",
        "website": "",
        "email": "kaytotorestaurant@gmail.com",
        "notes": "",
        "status": "accepted",
        "accepted_at": "2020-10-19",
        "last_updated_by": null,
        "tags": [
            4,
            5,
            7
        ],
        "payment_types": []
    }
},
{
    "model": "backend.business",
    "pk": 47,
    "fields": {
        "updated_at": "2020-10-20T02:24:35.087Z",
        "created_at": "2020-10-20T01:58:28.914Z",
        "deleted_at": null,
        "category": 1,
        "name": "Chez Toutou Resto-Bar",
        "slogan": "La où le gout se démarque!!",
        "description": "",
        "website": "",
        "email": "RestoChezToutou@gmail.com",
        "notes": "",
        "status": "accepted",
        "accepted_at": "2020-10-19",
        "last_updated_by": null,
        "tags": [
            4,
            7
        ],
        "payment_types": []
    }
},
{
    "model": "backend.business",
    "pk": 48,
    "fields": {
        "updated_at": "2020-10-20T02:43:27.530Z",
        "created_at": "2020-10-20T02:32:09.739Z",
        "deleted_at": null,
        "category": 1,
        "name": "La Belle Ciliana cuisine Haïtienne",
        "slogan": "",
        "description": "",
        "website": "",
        "email": "",
        "notes": "",
        "status": "accepted",
        "accepted_at": "2020-10-19",
        "last_updated_by": null,
        "tags": [
            4,
            7
        ],
        "payment_types": []
    }
},
{
    "model": "backend.phone",
    "pk": 1,
    "fields": {
        "updated_at": "2020-09-27T17:57:24.686Z",
        "created_at": "2020-09-22T23:58:23.422Z",
        "deleted_at": null,
        "number": "514-754-5588",
        "type": "tel",
        "extension": null,
        "business": 1
    }
},
{
    "model": "backend.phone",
    "pk": 2,
    "fields": {
        "updated_at": "2020-10-03T18:24:43.300Z",
        "created_at": "2020-10-03T18:24:43.268Z",
        "deleted_at": null,
        "number": "514 733 0828",
        "type": "tel",
        "extension": null,
        "business": 2
    }
},
{
    "model": "backend.phone",
    "pk": 3,
    "fields": {
        "updated_at": "2020-10-03T18:36:55.165Z",
        "created_at": "2020-10-03T18:36:55.156Z",
        "deleted_at": null,
        "number": "(514) 337-9393",
        "type": "tel",
        "extension": null,
        "business": 3
    }
},
{
    "model": "backend.phone",
    "pk": 4,
    "fields": {
        "updated_at": "2020-10-03T18:52:22.938Z",
        "created_at": "2020-10-03T18:52:22.913Z",
        "deleted_at": null,
        "number": "514-326-8880",
        "type": "tel",
        "extension": null,
        "business": 4
    }
},
{
    "model": "backend.phone",
    "pk": 5,
    "fields": {
        "updated_at": "2020-10-03T23:46:14.465Z",
        "created_at": "2020-10-03T23:46:14.079Z",
        "deleted_at": null,
        "number": "514 507 1186",
        "type": "tel",
        "extension": null,
        "business": 5
    }
},
{
    "model": "backend.phone",
    "pk": 6,
    "fields": {
        "updated_at": "2020-10-04T01:53:24.435Z",
        "created_at": "2020-10-04T01:53:24.252Z",
        "deleted_at": null,
        "number": "(514) 747-3443",
        "type": "tel",
        "extension": null,
        "business": 6
    }
},
{
    "model": "backend.phone",
    "pk": 7,
    "fields": {
        "updated_at": "2020-10-07T12:27:37.562Z",
        "created_at": "2020-10-07T12:27:37.427Z",
        "deleted_at": null,
        "number": "514 903 7685",
        "type": "tel",
        "extension": null,
        "business": 7
    }
},
{
    "model": "backend.phone",
    "pk": 8,
    "fields": {
        "updated_at": "2020-10-08T22:15:38.067Z",
        "created_at": "2020-10-08T22:15:37.680Z",
        "deleted_at": null,
        "number": "(514) 384-6073",
        "type": "tel",
        "extension": null,
        "business": 8
    }
},
{
    "model": "backend.phone",
    "pk": 9,
    "fields": {
        "updated_at": "2020-10-08T22:47:02.062Z",
        "created_at": "2020-10-08T22:47:02.002Z",
        "deleted_at": null,
        "number": "514-329-7787",
        "type": "tel",
        "extension": null,
        "business": 9
    }
},
{
    "model": "backend.phone",
    "pk": 42,
    "fields": {
        "updated_at": "2020-10-10T00:35:18.796Z",
        "created_at": "2020-10-10T00:35:18.779Z",
        "deleted_at": null,
        "number": "(514) 322-2000",
        "type": "tel",
        "extension": null,
        "business": 42
    }
},
{
    "model": "backend.phone",
    "pk": 43,
    "fields": {
        "updated_at": "2020-10-10T02:02:44.324Z",
        "created_at": "2020-10-10T02:02:44.302Z",
        "deleted_at": null,
        "number": "514-889-4526",
        "type": "tel",
        "extension": null,
        "business": 44
    }
},
{
    "model": "backend.phone",
    "pk": 44,
    "fields": {
        "updated_at": "2020-10-18T21:30:06.821Z",
        "created_at": "2020-10-18T21:30:06.798Z",
        "deleted_at": null,
        "number": "1-450-670-8314",
        "type": "tel",
        "extension": null,
        "business": 45
    }
},
{
    "model": "backend.phone",
    "pk": 45,
    "fields": {
        "updated_at": "2020-10-20T01:53:14.467Z",
        "created_at": "2020-10-20T01:53:14.415Z",
        "deleted_at": null,
        "number": "1-450-669-8686",
        "type": "tel",
        "extension": null,
        "business": 46
    }
},
{
    "model": "backend.phone",
    "pk": 46,
    "fields": {
        "updated_at": "2020-10-20T01:58:28.960Z",
        "created_at": "2020-10-20T01:58:28.949Z",
        "deleted_at": null,
        "number": "1-514-729-5111",
        "type": "tel",
        "extension": null,
        "business": 47
    }
},
{
    "model": "backend.sociallink",
    "pk": 1,
    "fields": {
        "updated_at": "2020-09-22T23:58:25.215Z",
        "created_at": "2020-09-22T23:58:23.424Z",
        "deleted_at": null,
        "link": "http://facebook.com/sylvaindegue",
        "business": 1
    }
},
{
    "model": "backend.sociallink",
    "pk": 2,
    "fields": {
        "updated_at": "2020-10-03T18:31:29.724Z",
        "created_at": "2020-10-03T18:31:29.672Z",
        "deleted_at": null,
        "link": "https://www.instagram.com/Caribbeancurryhousemtl/",
        "business": 2
    }
},
{
    "model": "backend.sociallink",
    "pk": 3,
    "fields": {
        "updated_at": "2020-10-03T18:31:29.728Z",
        "created_at": "2020-10-03T18:31:29.673Z",
        "deleted_at": null,
        "link": "https://www.facebook.com/Caribbeancurryhousemtl/",
        "business": 2
    }
},
{
    "model": "backend.sociallink",
    "pk": 4,
    "fields": {
        "updated_at": "2020-10-03T18:42:24.115Z",
        "created_at": "2020-10-03T18:42:24.086Z",
        "deleted_at": null,
        "link": "https://www.facebook.com/Fourchette-Antillaise-167273163299820/",
        "business": 3
    }
},
{
    "model": "backend.sociallink",
    "pk": 5,
    "fields": {
        "updated_at": "2020-10-03T18:52:22.940Z",
        "created_at": "2020-10-03T18:52:22.915Z",
        "deleted_at": null,
        "link": "https://www.instagram.com/restaurantadonai/",
        "business": 4
    }
},
{
    "model": "backend.sociallink",
    "pk": 6,
    "fields": {
        "updated_at": "2020-10-03T18:52:22.941Z",
        "created_at": "2020-10-03T18:52:22.916Z",
        "deleted_at": null,
        "link": "https://www.facebook.com/restaurantadonai/",
        "business": 4
    }
},
{
    "model": "backend.sociallink",
    "pk": 7,
    "fields": {
        "updated_at": "2020-10-03T23:46:14.468Z",
        "created_at": "2020-10-03T23:46:14.089Z",
        "deleted_at": null,
        "link": "https://www.facebook.com/RestaurantAkwaba/",
        "business": 5
    }
},
{
    "model": "backend.sociallink",
    "pk": 8,
    "fields": {
        "updated_at": "2020-10-03T23:46:14.471Z",
        "created_at": "2020-10-03T23:46:14.091Z",
        "deleted_at": null,
        "link": "https://www.instagram.com/restaurantakwaba/",
        "business": 5
    }
},
{
    "model": "backend.sociallink",
    "pk": 9,
    "fields": {
        "updated_at": "2020-10-04T01:53:24.437Z",
        "created_at": "2020-10-04T01:53:24.254Z",
        "deleted_at": null,
        "link": "https://www.facebook.com/chezkhady",
        "business": 6
    }
},
{
    "model": "backend.sociallink",
    "pk": 10,
    "fields": {
        "updated_at": "2020-10-07T12:26:54.537Z",
        "created_at": "2020-10-07T12:26:54.485Z",
        "deleted_at": null,
        "link": "https://www.instagram.com/phatgrill/",
        "business": 7
    }
},
{
    "model": "backend.sociallink",
    "pk": 11,
    "fields": {
        "updated_at": "2020-10-07T12:26:54.545Z",
        "created_at": "2020-10-07T12:26:54.486Z",
        "deleted_at": null,
        "link": "https://www.facebook.com/PhatGrill-Express-281226432364207/",
        "business": 7
    }
},
{
    "model": "backend.sociallink",
    "pk": 12,
    "fields": {
        "updated_at": "2020-10-08T22:15:38.070Z",
        "created_at": "2020-10-08T22:15:37.683Z",
        "deleted_at": null,
        "link": "https://www.facebook.com/pages/Andreamise/386456804741771/",
        "business": 8
    }
},
{
    "model": "backend.sociallink",
    "pk": 13,
    "fields": {
        "updated_at": "2020-10-08T22:47:02.064Z",
        "created_at": "2020-10-08T22:47:02.005Z",
        "deleted_at": null,
        "link": "https://www.facebook.com/restoflapflap/",
        "business": 9
    }
},
{
    "model": "backend.sociallink",
    "pk": 46,
    "fields": {
        "updated_at": "2020-10-10T01:26:51.112Z",
        "created_at": "2020-10-10T01:26:51.096Z",
        "deleted_at": null,
        "link": "https://www.instagram.com/abc_des_locs/",
        "business": 43
    }
},
{
    "model": "backend.sociallink",
    "pk": 47,
    "fields": {
        "updated_at": "2020-10-10T01:26:51.113Z",
        "created_at": "2020-10-10T01:26:51.097Z",
        "deleted_at": null,
        "link": "https://linktr.ee/ABC_des_locs",
        "business": 43
    }
},
{
    "model": "backend.sociallink",
    "pk": 48,
    "fields": {
        "updated_at": "2020-10-10T01:30:59.013Z",
        "created_at": "2020-10-10T01:30:58.995Z",
        "deleted_at": null,
        "link": "https://www.facebook.com/labcdeslocs",
        "business": 43
    }
},
{
    "model": "backend.sociallink",
    "pk": 49,
    "fields": {
        "updated_at": "2020-10-20T01:54:24.755Z",
        "created_at": "2020-10-20T01:54:24.420Z",
        "deleted_at": null,
        "link": "https://www.facebook.com/kaytotorestaurant/",
        "business": 46
    }
},
{
    "model": "backend.sociallink",
    "pk": 50,
    "fields": {
        "updated_at": "2020-10-20T01:58:28.962Z",
        "created_at": "2020-10-20T01:58:28.952Z",
        "deleted_at": null,
        "link": "http://www.instagram.com/cheztoutou",
        "business": 47
    }
},
{
    "model": "backend.sociallink",
    "pk": 51,
    "fields": {
        "updated_at": "2020-10-20T01:59:39.289Z",
        "created_at": "2020-10-20T01:59:39.280Z",
        "deleted_at": null,
        "link": "http://www.twitter.com/ChezToutou",
        "business": 47
    }
},
{
    "model": "backend.openinghour",
    "pk": 1,
    "fields": {
        "updated_at": "2020-09-22T23:58:25.862Z",
        "created_at": "2020-09-22T23:58:23.425Z",
        "deleted_at": null,
        "day": 1,
        "opening_time": "00:00:00",
        "closing_time": "00:00:00",
        "business": 1,
        "closed": false
    }
},
{
    "model": "backend.openinghour",
    "pk": 2,
    "fields": {
        "updated_at": "2020-10-03T18:25:52.501Z",
        "created_at": "2020-10-03T18:25:52.485Z",
        "deleted_at": null,
        "day": 1,
        "opening_time": "11:00:00",
        "closing_time": "21:00:00",
        "business": 2,
        "closed": false
    }
},
{
    "model": "backend.openinghour",
    "pk": 3,
    "fields": {
        "updated_at": "2020-10-03T18:28:10.963Z",
        "created_at": "2020-10-03T18:28:10.943Z",
        "deleted_at": null,
        "day": 2,
        "opening_time": "11:00:00",
        "closing_time": "21:00:00",
        "business": 2,
        "closed": false
    }
},
{
    "model": "backend.openinghour",
    "pk": 4,
    "fields": {
        "updated_at": "2020-10-03T18:28:10.965Z",
        "created_at": "2020-10-03T18:28:10.944Z",
        "deleted_at": null,
        "day": 3,
        "opening_time": "11:00:00",
        "closing_time": "21:00:00",
        "business": 2,
        "closed": false
    }
},
{
    "model": "backend.openinghour",
    "pk": 5,
    "fields": {
        "updated_at": "2020-10-03T18:28:10.966Z",
        "created_at": "2020-10-03T18:28:10.944Z",
        "deleted_at": null,
        "day": 4,
        "opening_time": "11:00:00",
        "closing_time": "21:00:00",
        "business": 2,
        "closed": false
    }
},
{
    "model": "backend.openinghour",
    "pk": 6,
    "fields": {
        "updated_at": "2020-10-03T18:28:10.967Z",
        "created_at": "2020-10-03T18:28:10.945Z",
        "deleted_at": null,
        "day": 5,
        "opening_time": "11:00:00",
        "closing_time": "21:00:00",
        "business": 2,
        "closed": false
    }
},
{
    "model": "backend.openinghour",
    "pk": 7,
    "fields": {
        "updated_at": "2020-10-03T18:28:10.968Z",
        "created_at": "2020-10-03T18:28:10.945Z",
        "deleted_at": null,
        "day": 6,
        "opening_time": "11:00:00",
        "closing_time": "21:00:00",
        "business": 2,
        "closed": false
    }
},
{
    "model": "backend.openinghour",
    "pk": 8,
    "fields": {
        "updated_at": "2020-10-03T18:39:31.106Z",
        "created_at": "2020-10-03T18:38:00.400Z",
        "deleted_at": null,
        "day": 2,
        "opening_time": "15:00:00",
        "closing_time": "22:00:00",
        "business": 3,
        "closed": false
    }
},
{
    "model": "backend.openinghour",
    "pk": 9,
    "fields": {
        "updated_at": "2020-10-03T18:39:31.107Z",
        "created_at": "2020-10-03T18:39:31.087Z",
        "deleted_at": null,
        "day": 3,
        "opening_time": "15:00:00",
        "closing_time": "22:00:00",
        "business": 3,
        "closed": false
    }
},
{
    "model": "backend.openinghour",
    "pk": 10,
    "fields": {
        "updated_at": "2020-10-03T18:39:31.109Z",
        "created_at": "2020-10-03T18:39:31.088Z",
        "deleted_at": null,
        "day": 4,
        "opening_time": "15:00:00",
        "closing_time": "22:00:00",
        "business": 3,
        "closed": false
    }
},
{
    "model": "backend.openinghour",
    "pk": 11,
    "fields": {
        "updated_at": "2020-10-03T18:39:31.110Z",
        "created_at": "2020-10-03T18:39:31.088Z",
        "deleted_at": null,
        "day": 5,
        "opening_time": "15:00:00",
        "closing_time": "22:00:00",
        "business": 3,
        "closed": false
    }
},
{
    "model": "backend.openinghour",
    "pk": 12,
    "fields": {
        "updated_at": "2020-10-03T18:39:31.111Z",
        "created_at": "2020-10-03T18:39:31.089Z",
        "deleted_at": null,
        "day": 6,
        "opening_time": "15:00:00",
        "closing_time": "22:00:00",
        "business": 3,
        "closed": false
    }
},
{
    "model": "backend.openinghour",
    "pk": 13,
    "fields": {
        "updated_at": "2020-10-03T18:39:53.967Z",
        "created_at": "2020-10-03T18:39:53.939Z",
        "deleted_at": null,
        "day": 7,
        "opening_time": "13:00:00",
        "closing_time": "21:00:00",
        "business": 3,
        "closed": false
    }
},
{
    "model": "backend.openinghour",
    "pk": 14,
    "fields": {
        "updated_at": "2020-10-03T18:52:22.943Z",
        "created_at": "2020-10-03T18:52:22.918Z",
        "deleted_at": null,
        "day": 6,
        "opening_time": "09:00:00",
        "closing_time": "22:00:00",
        "business": 4,
        "closed": false
    }
},
{
    "model": "backend.openinghour",
    "pk": 15,
    "fields": {
        "updated_at": "2020-10-03T18:52:22.945Z",
        "created_at": "2020-10-03T18:52:22.919Z",
        "deleted_at": null,
        "day": 4,
        "opening_time": "12:00:00",
        "closing_time": "22:00:00",
        "business": 4,
        "closed": false
    }
},
{
    "model": "backend.openinghour",
    "pk": 16,
    "fields": {
        "updated_at": "2020-10-03T18:52:22.946Z",
        "created_at": "2020-10-03T18:52:22.920Z",
        "deleted_at": null,
        "day": 5,
        "opening_time": "12:00:00",
        "closing_time": "22:00:00",
        "business": 4,
        "closed": false
    }
},
{
    "model": "backend.openinghour",
    "pk": 17,
    "fields": {
        "updated_at": "2020-10-03T18:56:38.088Z",
        "created_at": "2020-10-03T18:56:38.064Z",
        "deleted_at": null,
        "day": 7,
        "opening_time": "12:00:00",
        "closing_time": "22:00:00",
        "business": 4,
        "closed": false
    }
},
{
    "model": "backend.openinghour",
    "pk": 18,
    "fields": {
        "updated_at": "2020-10-03T18:56:38.089Z",
        "created_at": "2020-10-03T18:56:38.064Z",
        "deleted_at": null,
        "day": 1,
        "opening_time": "12:00:00",
        "closing_time": "21:00:00",
        "business": 4,
        "closed": false
    }
},
{
    "model": "backend.openinghour",
    "pk": 19,
    "fields": {
        "updated_at": "2020-10-03T18:56:38.090Z",
        "created_at": "2020-10-03T18:56:38.065Z",
        "deleted_at": null,
        "day": 2,
        "opening_time": "12:00:00",
        "closing_time": "21:00:00",
        "business": 4,
        "closed": false
    }
},
{
    "model": "backend.openinghour",
    "pk": 20,
    "fields": {
        "updated_at": "2020-10-03T18:56:38.091Z",
        "created_at": "2020-10-03T18:56:38.066Z",
        "deleted_at": null,
        "day": 3,
        "opening_time": "12:00:00",
        "closing_time": "21:00:00",
        "business": 4,
        "closed": false
    }
},
{
    "model": "backend.openinghour",
    "pk": 21,
    "fields": {
        "updated_at": "2020-10-03T23:46:14.474Z",
        "created_at": "2020-10-03T23:46:14.409Z",
        "deleted_at": null,
        "day": 1,
        "opening_time": "12:00:00",
        "closing_time": "21:00:00",
        "business": 5,
        "closed": false
    }
},
{
    "model": "backend.openinghour",
    "pk": 22,
    "fields": {
        "updated_at": "2020-10-03T23:46:14.477Z",
        "created_at": "2020-10-03T23:46:14.411Z",
        "deleted_at": null,
        "day": 3,
        "opening_time": "12:00:00",
        "closing_time": "21:00:00",
        "business": 5,
        "closed": false
    }
},
{
    "model": "backend.openinghour",
    "pk": 23,
    "fields": {
        "updated_at": "2020-10-03T23:46:14.479Z",
        "created_at": "2020-10-03T23:46:14.412Z",
        "deleted_at": null,
        "day": 4,
        "opening_time": "12:00:00",
        "closing_time": "21:00:00",
        "business": 5,
        "closed": false
    }
},
{
    "model": "backend.openinghour",
    "pk": 24,
    "fields": {
        "updated_at": "2020-10-03T23:46:14.482Z",
        "created_at": "2020-10-03T23:46:14.414Z",
        "deleted_at": null,
        "day": 5,
        "opening_time": "12:00:00",
        "closing_time": "22:00:00",
        "business": 5,
        "closed": false
    }
},
{
    "model": "backend.openinghour",
    "pk": 25,
    "fields": {
        "updated_at": "2020-10-03T23:46:14.485Z",
        "created_at": "2020-10-03T23:46:14.415Z",
        "deleted_at": null,
        "day": 6,
        "opening_time": "12:00:00",
        "closing_time": "22:00:00",
        "business": 5,
        "closed": false
    }
},
{
    "model": "backend.openinghour",
    "pk": 26,
    "fields": {
        "updated_at": "2020-10-03T23:46:14.489Z",
        "created_at": "2020-10-03T23:46:14.417Z",
        "deleted_at": null,
        "day": 7,
        "opening_time": "12:00:00",
        "closing_time": "22:00:00",
        "business": 5,
        "closed": false
    }
},
{
    "model": "backend.openinghour",
    "pk": 27,
    "fields": {
        "updated_at": "2020-10-04T02:19:12.541Z",
        "created_at": "2020-10-04T02:19:12.511Z",
        "deleted_at": null,
        "day": 2,
        "opening_time": "12:00:00",
        "closing_time": "22:00:00",
        "business": 6,
        "closed": false
    }
},
{
    "model": "backend.openinghour",
    "pk": 28,
    "fields": {
        "updated_at": "2020-10-04T02:19:12.542Z",
        "created_at": "2020-10-04T02:19:12.511Z",
        "deleted_at": null,
        "day": 3,
        "opening_time": "12:00:00",
        "closing_time": "22:00:00",
        "business": 6,
        "closed": false
    }
},
{
    "model": "backend.openinghour",
    "pk": 29,
    "fields": {
        "updated_at": "2020-10-04T02:19:12.544Z",
        "created_at": "2020-10-04T02:19:12.512Z",
        "deleted_at": null,
        "day": 4,
        "opening_time": "12:00:00",
        "closing_time": "22:00:00",
        "business": 6,
        "closed": false
    }
},
{
    "model": "backend.openinghour",
    "pk": 30,
    "fields": {
        "updated_at": "2020-10-04T02:19:12.546Z",
        "created_at": "2020-10-04T02:19:12.512Z",
        "deleted_at": null,
        "day": 5,
        "opening_time": "12:00:00",
        "closing_time": "22:00:00",
        "business": 6,
        "closed": false
    }
},
{
    "model": "backend.openinghour",
    "pk": 31,
    "fields": {
        "updated_at": "2020-10-04T02:19:12.547Z",
        "created_at": "2020-10-04T02:19:12.513Z",
        "deleted_at": null,
        "day": 6,
        "opening_time": "12:00:00",
        "closing_time": "22:00:00",
        "business": 6,
        "closed": false
    }
},
{
    "model": "backend.openinghour",
    "pk": 32,
    "fields": {
        "updated_at": "2020-10-04T02:19:12.549Z",
        "created_at": "2020-10-04T02:19:12.514Z",
        "deleted_at": null,
        "day": 7,
        "opening_time": "12:00:00",
        "closing_time": "22:00:00",
        "business": 6,
        "closed": false
    }
},
{
    "model": "backend.openinghour",
    "pk": 33,
    "fields": {
        "updated_at": "2020-10-07T12:26:54.552Z",
        "created_at": "2020-10-07T12:26:54.488Z",
        "deleted_at": null,
        "day": 1,
        "opening_time": "10:30:00",
        "closing_time": "22:00:00",
        "business": 7,
        "closed": false
    }
},
{
    "model": "backend.openinghour",
    "pk": 34,
    "fields": {
        "updated_at": "2020-10-07T12:26:54.561Z",
        "created_at": "2020-10-07T12:26:54.489Z",
        "deleted_at": null,
        "day": 2,
        "opening_time": "10:30:00",
        "closing_time": "22:00:00",
        "business": 7,
        "closed": false
    }
},
{
    "model": "backend.openinghour",
    "pk": 35,
    "fields": {
        "updated_at": "2020-10-07T12:26:54.564Z",
        "created_at": "2020-10-07T12:26:54.489Z",
        "deleted_at": null,
        "day": 3,
        "opening_time": "10:30:00",
        "closing_time": "22:00:00",
        "business": 7,
        "closed": false
    }
},
{
    "model": "backend.openinghour",
    "pk": 36,
    "fields": {
        "updated_at": "2020-10-07T12:26:54.567Z",
        "created_at": "2020-10-07T12:26:54.491Z",
        "deleted_at": null,
        "day": 4,
        "opening_time": "10:30:00",
        "closing_time": "22:00:00",
        "business": 7,
        "closed": false
    }
},
{
    "model": "backend.openinghour",
    "pk": 37,
    "fields": {
        "updated_at": "2020-10-07T12:26:54.570Z",
        "created_at": "2020-10-07T12:26:54.492Z",
        "deleted_at": null,
        "day": 5,
        "opening_time": "10:30:00",
        "closing_time": "21:00:00",
        "business": 7,
        "closed": false
    }
},
{
    "model": "backend.openinghour",
    "pk": 38,
    "fields": {
        "updated_at": "2020-10-07T12:26:54.573Z",
        "created_at": "2020-10-07T12:26:54.492Z",
        "deleted_at": null,
        "day": 6,
        "opening_time": "11:00:00",
        "closing_time": "21:00:00",
        "business": 7,
        "closed": false
    }
},
{
    "model": "backend.openinghour",
    "pk": 39,
    "fields": {
        "updated_at": "2020-10-08T22:36:33.976Z",
        "created_at": "2020-10-08T22:36:33.944Z",
        "deleted_at": null,
        "day": 1,
        "opening_time": "11:00:00",
        "closing_time": "22:00:00",
        "business": 9,
        "closed": false
    }
},
{
    "model": "backend.openinghour",
    "pk": 40,
    "fields": {
        "updated_at": "2020-10-08T22:36:33.978Z",
        "created_at": "2020-10-08T22:36:33.945Z",
        "deleted_at": null,
        "day": 2,
        "opening_time": "11:00:00",
        "closing_time": "22:00:00",
        "business": 9,
        "closed": false
    }
},
{
    "model": "backend.openinghour",
    "pk": 41,
    "fields": {
        "updated_at": "2020-10-08T22:36:33.979Z",
        "created_at": "2020-10-08T22:36:33.946Z",
        "deleted_at": null,
        "day": 3,
        "opening_time": "11:00:00",
        "closing_time": "22:00:00",
        "business": 9,
        "closed": false
    }
},
{
    "model": "backend.openinghour",
    "pk": 42,
    "fields": {
        "updated_at": "2020-10-08T22:36:33.981Z",
        "created_at": "2020-10-08T22:36:33.946Z",
        "deleted_at": null,
        "day": 4,
        "opening_time": "11:00:00",
        "closing_time": "22:00:00",
        "business": 9,
        "closed": false
    }
},
{
    "model": "backend.openinghour",
    "pk": 43,
    "fields": {
        "updated_at": "2020-10-08T22:36:33.982Z",
        "created_at": "2020-10-08T22:36:33.947Z",
        "deleted_at": null,
        "day": 5,
        "opening_time": "11:00:00",
        "closing_time": "22:00:00",
        "business": 9,
        "closed": false
    }
},
{
    "model": "backend.openinghour",
    "pk": 44,
    "fields": {
        "updated_at": "2020-10-08T22:36:33.984Z",
        "created_at": "2020-10-08T22:36:33.947Z",
        "deleted_at": null,
        "day": 6,
        "opening_time": "11:00:00",
        "closing_time": "22:00:00",
        "business": 9,
        "closed": false
    }
},
{
    "model": "backend.openinghour",
    "pk": 45,
    "fields": {
        "updated_at": "2020-10-08T22:36:33.985Z",
        "created_at": "2020-10-08T22:36:33.948Z",
        "deleted_at": null,
        "day": 7,
        "opening_time": "12:00:00",
        "closing_time": "21:00:00",
        "business": 9,
        "closed": false
    }
},
{
    "model": "backend.openinghour",
    "pk": 72,
    "fields": {
        "updated_at": "2020-10-14T01:19:04.015Z",
        "created_at": "2020-10-14T01:19:03.966Z",
        "deleted_at": null,
        "day": 2,
        "opening_time": null,
        "closing_time": null,
        "business": 5,
        "closed": true
    }
},
{
    "model": "backend.openinghour",
    "pk": 73,
    "fields": {
        "updated_at": "2020-10-20T01:53:14.473Z",
        "created_at": "2020-10-20T01:53:14.439Z",
        "deleted_at": null,
        "day": 1,
        "opening_time": null,
        "closing_time": null,
        "business": 46,
        "closed": true
    }
},
{
    "model": "backend.openinghour",
    "pk": 74,
    "fields": {
        "updated_at": "2020-10-20T01:53:14.476Z",
        "created_at": "2020-10-20T01:53:14.440Z",
        "deleted_at": null,
        "day": 2,
        "opening_time": "15:00:00",
        "closing_time": "21:00:00",
        "business": 46,
        "closed": false
    }
},
{
    "model": "backend.openinghour",
    "pk": 75,
    "fields": {
        "updated_at": "2020-10-20T01:53:14.478Z",
        "created_at": "2020-10-20T01:53:14.440Z",
        "deleted_at": null,
        "day": 3,
        "opening_time": "15:00:00",
        "closing_time": "21:00:00",
        "business": 46,
        "closed": false
    }
},
{
    "model": "backend.openinghour",
    "pk": 76,
    "fields": {
        "updated_at": "2020-10-20T01:53:14.479Z",
        "created_at": "2020-10-20T01:53:14.441Z",
        "deleted_at": null,
        "day": 4,
        "opening_time": "15:00:00",
        "closing_time": "21:00:00",
        "business": 46,
        "closed": false
    }
},
{
    "model": "backend.openinghour",
    "pk": 77,
    "fields": {
        "updated_at": "2020-10-20T01:53:14.480Z",
        "created_at": "2020-10-20T01:53:14.442Z",
        "deleted_at": null,
        "day": 5,
        "opening_time": "15:00:00",
        "closing_time": "21:00:00",
        "business": 46,
        "closed": false
    }
},
{
    "model": "backend.openinghour",
    "pk": 78,
    "fields": {
        "updated_at": "2020-10-20T01:53:14.482Z",
        "created_at": "2020-10-20T01:53:14.443Z",
        "deleted_at": null,
        "day": 6,
        "opening_time": "15:00:00",
        "closing_time": "21:00:00",
        "business": 46,
        "closed": false
    }
},
{
    "model": "backend.openinghour",
    "pk": 79,
    "fields": {
        "updated_at": "2020-10-20T01:53:14.483Z",
        "created_at": "2020-10-20T01:53:14.444Z",
        "deleted_at": null,
        "day": 7,
        "opening_time": "15:00:00",
        "closing_time": "21:00:00",
        "business": 46,
        "closed": false
    }
},
{
    "model": "backend.openinghour",
    "pk": 80,
    "fields": {
        "updated_at": "2020-10-20T02:15:31.764Z",
        "created_at": "2020-10-20T02:15:31.741Z",
        "deleted_at": null,
        "day": 1,
        "opening_time": "12:00:00",
        "closing_time": "21:30:00",
        "business": 47,
        "closed": false
    }
},
{
    "model": "backend.openinghour",
    "pk": 81,
    "fields": {
        "updated_at": "2020-10-20T02:15:31.765Z",
        "created_at": "2020-10-20T02:15:31.742Z",
        "deleted_at": null,
        "day": 2,
        "opening_time": "12:00:00",
        "closing_time": "21:30:00",
        "business": 47,
        "closed": false
    }
},
{
    "model": "backend.openinghour",
    "pk": 82,
    "fields": {
        "updated_at": "2020-10-20T02:15:31.767Z",
        "created_at": "2020-10-20T02:15:31.743Z",
        "deleted_at": null,
        "day": 3,
        "opening_time": "12:00:00",
        "closing_time": "21:30:00",
        "business": 47,
        "closed": false
    }
},
{
    "model": "backend.openinghour",
    "pk": 83,
    "fields": {
        "updated_at": "2020-10-20T02:15:31.768Z",
        "created_at": "2020-10-20T02:15:31.744Z",
        "deleted_at": null,
        "day": 4,
        "opening_time": "12:00:00",
        "closing_time": "21:30:00",
        "business": 47,
        "closed": false
    }
},
{
    "model": "backend.openinghour",
    "pk": 84,
    "fields": {
        "updated_at": "2020-10-20T02:15:31.770Z",
        "created_at": "2020-10-20T02:15:31.745Z",
        "deleted_at": null,
        "day": 5,
        "opening_time": "12:00:00",
        "closing_time": "21:30:00",
        "business": 47,
        "closed": false
    }
},
{
    "model": "backend.openinghour",
    "pk": 85,
    "fields": {
        "updated_at": "2020-10-20T02:15:31.771Z",
        "created_at": "2020-10-20T02:15:31.746Z",
        "deleted_at": null,
        "day": 6,
        "opening_time": "12:00:00",
        "closing_time": "21:30:00",
        "business": 47,
        "closed": false
    }
},
{
    "model": "backend.openinghour",
    "pk": 86,
    "fields": {
        "updated_at": "2020-10-20T02:15:31.773Z",
        "created_at": "2020-10-20T02:15:31.748Z",
        "deleted_at": null,
        "day": 7,
        "opening_time": "12:00:00",
        "closing_time": "21:30:00",
        "business": 47,
        "closed": false
    }
},
{
    "model": "backend.openinghour",
    "pk": 87,
    "fields": {
        "updated_at": "2020-10-20T02:41:47.170Z",
        "created_at": "2020-10-20T02:41:47.128Z",
        "deleted_at": null,
        "day": 1,
        "opening_time": "11:30:00",
        "closing_time": "23:00:00",
        "business": 48,
        "closed": false
    }
},
{
    "model": "backend.openinghour",
    "pk": 88,
    "fields": {
        "updated_at": "2020-10-20T02:41:47.174Z",
        "created_at": "2020-10-20T02:41:47.130Z",
        "deleted_at": null,
        "day": 2,
        "opening_time": "11:30:00",
        "closing_time": "23:00:00",
        "business": 48,
        "closed": false
    }
},
{
    "model": "backend.openinghour",
    "pk": 89,
    "fields": {
        "updated_at": "2020-10-20T02:41:47.176Z",
        "created_at": "2020-10-20T02:41:47.132Z",
        "deleted_at": null,
        "day": 3,
        "opening_time": "11:30:00",
        "closing_time": "23:00:00",
        "business": 48,
        "closed": false
    }
},
{
    "model": "backend.openinghour",
    "pk": 90,
    "fields": {
        "updated_at": "2020-10-20T02:41:47.178Z",
        "created_at": "2020-10-20T02:41:47.135Z",
        "deleted_at": null,
        "day": 4,
        "opening_time": "11:30:00",
        "closing_time": "23:00:00",
        "business": 48,
        "closed": false
    }
},
{
    "model": "backend.openinghour",
    "pk": 91,
    "fields": {
        "updated_at": "2020-10-20T02:41:47.179Z",
        "created_at": "2020-10-20T02:41:47.136Z",
        "deleted_at": null,
        "day": 5,
        "opening_time": "11:30:00",
        "closing_time": "23:00:00",
        "business": 48,
        "closed": false
    }
},
{
    "model": "backend.openinghour",
    "pk": 92,
    "fields": {
        "updated_at": "2020-10-20T02:41:47.181Z",
        "created_at": "2020-10-20T02:41:47.137Z",
        "deleted_at": null,
        "day": 7,
        "opening_time": "14:00:00",
        "closing_time": "22:00:00",
        "business": 48,
        "closed": false
    }
},
{
    "model": "backend.address",
    "pk": 1,
    "fields": {
        "updated_at": "2020-09-22T23:58:26.585Z",
        "created_at": "2020-09-22T23:58:23.437Z",
        "deleted_at": null,
        "business": 1,
        "app_office_number": "123",
        "street_number": 11,
        "street_type": "",
        "street_name": "De Bruxelles",
        "direction": "",
        "city": "Montréal",
        "province": "qc",
        "postal_code": "H1L 0A8"
    }
},
{
    "model": "backend.address",
    "pk": 2,
    "fields": {
        "updated_at": "2020-10-03T18:29:15.652Z",
        "created_at": "2020-10-03T18:29:15.644Z",
        "deleted_at": null,
        "business": 2,
        "app_office_number": "",
        "street_number": 6892,
        "street_type": "avenue",
        "street_name": "Victoria",
        "direction": "",
        "city": "Montreal",
        "province": "qc",
        "postal_code": "H3W 1B8"
    }
},
{
    "model": "backend.address",
    "pk": 3,
    "fields": {
        "updated_at": "2020-10-03T18:36:55.166Z",
        "created_at": "2020-10-03T18:36:55.158Z",
        "deleted_at": null,
        "business": 3,
        "app_office_number": "",
        "street_number": 5968,
        "street_type": "rue",
        "street_name": "Salaberry",
        "direction": "",
        "city": "Montreal",
        "province": "qc",
        "postal_code": "H4J 1J8"
    }
},
{
    "model": "backend.address",
    "pk": 4,
    "fields": {
        "updated_at": "2020-10-03T18:52:22.948Z",
        "created_at": "2020-10-03T18:52:22.925Z",
        "deleted_at": null,
        "business": 4,
        "app_office_number": "",
        "street_number": 4797,
        "street_type": "",
        "street_name": "Henri Bourassa",
        "direction": "Est",
        "city": "Montreal",
        "province": "qc",
        "postal_code": "H1H 1M4"
    }
},
{
    "model": "backend.address",
    "pk": 5,
    "fields": {
        "updated_at": "2020-10-03T23:46:14.492Z",
        "created_at": "2020-10-03T23:46:14.441Z",
        "deleted_at": null,
        "business": 5,
        "app_office_number": "",
        "street_number": 4541,
        "street_type": "rue",
        "street_name": "Bélanger",
        "direction": "",
        "city": "Montreal",
        "province": "qc",
        "postal_code": "H1T 1B7"
    }
},
{
    "model": "backend.address",
    "pk": 6,
    "fields": {
        "updated_at": "2020-10-04T02:19:12.550Z",
        "created_at": "2020-10-04T02:19:12.529Z",
        "deleted_at": null,
        "business": 6,
        "app_office_number": "",
        "street_number": 850,
        "street_type": "blvd",
        "street_name": "Decarie",
        "direction": "",
        "city": "Saint-Laurent",
        "province": "qc",
        "postal_code": "H4L 3L9"
    }
},
{
    "model": "backend.address",
    "pk": 7,
    "fields": {
        "updated_at": "2020-10-07T12:29:06.022Z",
        "created_at": "2020-10-07T12:29:05.993Z",
        "deleted_at": null,
        "business": 7,
        "app_office_number": "",
        "street_number": 4316,
        "street_type": "blvd",
        "street_name": "Henri-Bourassa",
        "direction": "Est",
        "city": "Montreal",
        "province": "qc",
        "postal_code": "H1H 1L8"
    }
},
{
    "model": "backend.address",
    "pk": 8,
    "fields": {
        "updated_at": "2020-10-08T22:15:38.073Z",
        "created_at": "2020-10-08T22:15:38.043Z",
        "deleted_at": null,
        "business": 8,
        "app_office_number": "",
        "street_number": 2639,
        "street_type": "avenue",
        "street_name": "Charland",
        "direction": "",
        "city": "Montreal",
        "province": "qc",
        "postal_code": "H1Z 1C7"
    }
},
{
    "model": "backend.address",
    "pk": 9,
    "fields": {
        "updated_at": "2020-10-08T22:47:02.066Z",
        "created_at": "2020-10-08T22:47:02.042Z",
        "deleted_at": null,
        "business": 9,
        "app_office_number": "",
        "street_number": 5808,
        "street_type": "rue",
        "street_name": "de Charleroi",
        "direction": "",
        "city": "Montreal",
        "province": "qc",
        "postal_code": "H1G 3B2"
    }
},
{
    "model": "backend.address",
    "pk": 42,
    "fields": {
        "updated_at": "2020-10-10T00:35:18.798Z",
        "created_at": "2020-10-10T00:35:18.782Z",
        "deleted_at": null,
        "business": 42,
        "app_office_number": "",
        "street_number": 5570,
        "street_type": "",
        "street_name": "Jean-Talon",
        "direction": "",
        "city": "Montreal",
        "province": "qc",
        "postal_code": "H1S 1L9"
    }
},
{
    "model": "backend.address",
    "pk": 43,
    "fields": {
        "updated_at": "2020-10-10T02:02:44.327Z",
        "created_at": "2020-10-10T02:02:44.307Z",
        "deleted_at": null,
        "business": 44,
        "app_office_number": "",
        "street_number": 2525,
        "street_type": "blvd",
        "street_name": "Henri-Bourassa",
        "direction": "Est",
        "city": "Montreal",
        "province": "qc",
        "postal_code": "H2B 1V3"
    }
},
{
    "model": "backend.address",
    "pk": 44,
    "fields": {
        "updated_at": "2020-10-18T21:30:06.828Z",
        "created_at": "2020-10-18T21:30:06.815Z",
        "deleted_at": null,
        "business": 45,
        "app_office_number": "",
        "street_number": 425,
        "street_type": "rue",
        "street_name": "King-George",
        "direction": "",
        "city": "Montreal",
        "province": "qc",
        "postal_code": "J4J 2V6"
    }
},
{
    "model": "backend.address",
    "pk": 45,
    "fields": {
        "updated_at": "2020-10-20T01:53:14.485Z",
        "created_at": "2020-10-20T01:53:14.462Z",
        "deleted_at": null,
        "business": 46,
        "app_office_number": "",
        "street_number": 3000,
        "street_type": "boulevard",
        "street_name": "Des Laurentides",
        "direction": "",
        "city": "Laval",
        "province": "qc",
        "postal_code": "H7K 2G5"
    }
},
{
    "model": "backend.address",
    "pk": 46,
    "fields": {
        "updated_at": "2020-10-20T02:24:35.092Z",
        "created_at": "2020-10-20T02:24:35.084Z",
        "deleted_at": null,
        "business": 47,
        "app_office_number": "",
        "street_number": 4310,
        "street_type": "",
        "street_name": "Belanger",
        "direction": "Est",
        "city": "Montreal",
        "province": "qc",
        "postal_code": "H1T 1A7"
    }
},
{
    "model": "backend.address",
    "pk": 47,
    "fields": {
        "updated_at": "2020-10-20T02:32:09.771Z",
        "created_at": "2020-10-20T02:32:09.766Z",
        "deleted_at": null,
        "business": 48,
        "app_office_number": "",
        "street_number": 2490,
        "street_type": "rue",
        "street_name": "Bélanger",
        "direction": "Est",
        "city": "Montreal",
        "province": "qc",
        "postal_code": "H2G 1E5"
    }
}
]
